Name;Message;Multiplexing/Group;Startbit;Length [Bit];Byte Order;Value Type;Initial Value;Factor;Offset;Minimum;Maximum;Unit;Value Table;Comment;GenSigStartValue;GenSigInactiveValue;GenSigCycleTimeActive;GenSigCycleTime;GenSigSendType;Vehicle function - Stop and Go;VBC_BB1_BB2_Gateway;Urea tank measurement & warning;Urea injection strategy;Urea dosing system heating;Turbo System;Torque and speed control;TEA2+ system start up;System mode selection ZF 6AS;Starter motor control;Start gear selection;SigType;SeToolVersion_SIGNAL;SeToolUniqueID_SIGNAL;SeToolOwnerSigGroup_SIGNAL;SeToolOwnerSigGroupID_SIGNAL;SeToolName_SIGNAL;SeToolItemID_SIGNAL;SeToolAncestorID_SIGNAL;SPN;Routine Control TECU;Routine Control HPCU;Routine Control EECU;Routine Control ACM;Roller Bench;Retarder Control - Vendor;Retarder;Preheater control;Oil system;OBD;Nox Measurements;NeedsUpdateBit;MmAnSignal;Manual gear selection;MAIA;Logging;LoggedVehicleData_TECU;LoggedVehicleData_HPCU;LoggedVehicleData_EECU;LoggedVehicleData_ACM;Intake throttle control;Immobilizer VIN check;Idle Speed Control;Hybrid vendor subsystem;Hybrid traction voltage system s;Hybrid traction voltage control;Hybrid thermal management;Hybrid take off and low speed dr;Hybrid on vehicle tests;Hybrid normal driving;Hybrid manufacturing mode;Hybrid general fault back modes;Hybrid gearshift;Hybrid gear selection;Hybrid fault handling;Hybrid fault detection;Hybrid electric abilities;Hybrid active state in neutral;Hybrid Stop and Go;Hybrid SRS;Hybrid PWT startup and shutdown;Hybrid PWT modes management;Hybrid PWT glossary;Hybrid MDS;Hybrid ESS SOC management;Hybrid ESS;Hybrid DCDC;GenSigMaxLatency;GenSigILSupport;GenSigEVName;Fan control;Factory modes;FIE Denso;FIE Common;FIE Auxillaries;Engine stop;Engine heat mode for DPF;Engine emission control;Engine Protection;Eco Roll;EGR;ECU start up;EATS Regeneration;EATS Emission Control;EATS;Driving modes;Driveline protection;Driveline Sensor Actuator;Driveline Control ZF 6AS;Driveline Control - Allison APS;Driveline Control;Diagnostic data TECU;Diagnostic data EECU;Diagnostic data ACM;Diagnostic Services;DPF Regeneration interface;Cruise Control;Cooling;Coolant control;CSWC;CACIS;BridgePlan;Body builder;Back pressure device;Automatic gear selection;Anti Tampering;AHI
FrontAxleSpeed;EBC2WSI;-;0;16;Intel;Unsigned;255.99609375;0.00390625;0;0;255.996;km/h;<none>;65024 - 65279 Error ; 65280 - 65535 Not available;65535;0;0;0;NoSigSendType;;;;;;;;;;;;Default;;;;;;;;904;;;;;;;;;;;;No;No;;;;;;;;;;;;;;;;;;;;;;;;;;;;;;;;;;;0;Yes;Env@Nodename_@Signame;;;;;;;;;;;;;;;;;;;;;;;;;;;;;;;;;;;;;
RelativeSpeedFrontAxleLeftWheel;EBC2WSI;-;16;8;Intel;Unsigned;8.125;0.0625;-7.8125;-7.8125;8.125;km/h;<none>;The speed of the front axle, left wheel relative to the front axle speed, SPN 904.;255;0;0;0;NoSigSendType;;;;;;;;;;;;Default;;;;;;;;905;;;;;;;;;;;;No;No;;;;;;;;;;;;;;;;;;;;;;;;;;;;;;;;;;;0;Yes;Env@Nodename_@Signame;;;;;;;;;;;;;;;;;;;;;;;;;;;;;;;;;;;;;
RlativeSpeedFrontAxleRightWheel;EBC2WSI;-;24;8;Intel;Unsigned;8.125;0.0625;-7.8125;-7.8125;8.125;km/h;<none>;The speed of the front axle, right wheel relative to the front axle speed, SPN 904.;255;0;0;0;NoSigSendType;;;;;;;;;;;;Default;;;;;;;;906;;;;;;;;;;;;No;No;;;;;;;;;;;;;;;;;;;;;;;;;;;;;;;;;;;0;Yes;Env@Nodename_@Signame;;;;;;;;;;;;;;;;;;;;;;;;;;;;;;;;;;;;;
RelativeSpeedRearAxle1LeftWheel;EBC2WSI;-;32;8;Intel;Unsigned;8.125;0.0625;-7.8125;-7.8125;8.125;km/h;<none>;The speed of the rear axle #1, left wheel relative to the front axle speed, SPN 904.;255;0;0;0;NoSigSendType;;;;;;;;;;;;Default;;;;;;;;907;;;;;;;;;;;;No;No;;;;;;;;;;;;;;;;;;;;;;;;;;;;;;;;;;;0;Yes;Env@Nodename_@Signame;;;;;;;;;;;;;;;;;;;;;;;;;;;;;;;;;;;;;
RlativeSpeedRearAxle1RightWheel;EBC2WSI;-;40;8;Intel;Unsigned;8.125;0.0625;-7.8125;-7.8125;8.125;km/h;<none>;The speed of the rear axle #1, right wheel relative to the front axle speed, SPN 904.;255;0;0;0;NoSigSendType;;;;;;;;;;;;Default;;;;;;;;908;;;;;;;;;;;;No;No;;;;;;;;;;;;;;;;;;;;;;;;;;;;;;;;;;;0;Yes;Env@Nodename_@Signame;;;;;;;;;;;;;;;;;;;;;;;;;;;;;;;;;;;;;
RelativeSpeedRearAxle2LeftWheel;EBC2WSI;-;48;8;Intel;Unsigned;8.125;0.0625;-7.8125;-7.8125;8.125;km/h;<none>;The speed of the rear axle #2, left wheel relative to the front axle speed, SPN 904.;255;0;0;0;NoSigSendType;;;;;;;;;;;;Default;;;;;;;;909;;;;;;;;;;;;No;No;;;;;;;;;;;;;;;;;;;;;;;;;;;;;;;;;;;0;Yes;Env@Nodename_@Signame;;;;;;;;;;;;;;;;;;;;;;;;;;;;;;;;;;;;;
RlativeSpeedRearAxle2RightWheel;EBC2WSI;-;56;8;Intel;Unsigned;8.125;0.0625;-7.8125;-7.8125;8.125;km/h;<none>;The speed of the rear axle #2, right wheel relative to the front axle speed, SPN 904.;255;0;0;0;NoSigSendType;;;;;;;;;;;;Default;;;;;;;;910;;;;;;;;;;;;No;No;;;;;;;;;;;;;;;;;;;;;;;;;;;;;;;;;;;0;Yes;Env@Nodename_@Signame;;;;;;;;;;;;;;;;;;;;;;;;;;;;;;;;;;;;;
