Name;Message;Multiplexing/Group;Startbit;Length [Bit];Byte Order;Value Type;Initial Value;Factor;Offset;Minimum;Maximum;Unit;Value Table;Comment;GenSigStartValue;GenSigInactiveValue;GenSigCycleTimeActive;GenSigCycleTime;GenSigSendType;Vehicle function - Stop and Go;VBC_BB1_BB2_Gateway;Urea tank measurement & warning;Urea injection strategy;Urea dosing system heating;Turbo System;Torque and speed control;TEA2+ system start up;System mode selection ZF 6AS;Starter motor control;Start gear selection;SigType;SeToolVersion_SIGNAL;SeToolUniqueID_SIGNAL;SeToolOwnerSigGroup_SIGNAL;SeToolOwnerSigGroupID_SIGNAL;SeToolName_SIGNAL;SeToolItemID_SIGNAL;SeToolAncestorID_SIGNAL;SPN;Routine Control TECU;Routine Control HPCU;Routine Control EECU;Routine Control ACM;Roller Bench;Retarder Control - Vendor;Retarder;Preheater control;Oil system;OBD;Nox Measurements;NeedsUpdateBit;MmAnSignal;Manual gear selection;MAIA;Logging;LoggedVehicleData_TECU;LoggedVehicleData_HPCU;LoggedVehicleData_EECU;LoggedVehicleData_ACM;Intake throttle control;Immobilizer VIN check;Idle Speed Control;Hybrid vendor subsystem;Hybrid traction voltage system s;Hybrid traction voltage control;Hybrid thermal management;Hybrid take off and low speed dr;Hybrid on vehicle tests;Hybrid normal driving;Hybrid manufacturing mode;Hybrid general fault back modes;Hybrid gearshift;Hybrid gear selection;Hybrid fault handling;Hybrid fault detection;Hybrid electric abilities;Hybrid active state in neutral;Hybrid Stop and Go;Hybrid SRS;Hybrid PWT startup and shutdown;Hybrid PWT modes management;Hybrid PWT glossary;Hybrid MDS;Hybrid ESS SOC management;Hybrid ESS;Hybrid DCDC;GenSigMaxLatency;GenSigILSupport;GenSigEVName;Fan control;Factory modes;FIE Denso;FIE Common;FIE Auxillaries;Engine stop;Engine heat mode for DPF;Engine emission control;Engine Protection;Eco Roll;EGR;ECU start up;EATS Regeneration;EATS Emission Control;EATS;Driving modes;Driveline protection;Driveline Sensor Actuator;Driveline Control ZF 6AS;Driveline Control - Allison APS;Driveline Control;Diagnostic data TECU;Diagnostic data EECU;Diagnostic data ACM;Diagnostic Services;DPF Regeneration interface;Cruise Control;Cooling;Coolant control;CSWC;CACIS;BridgePlan;Body builder;Back pressure device;Automatic gear selection;Anti Tampering;AHI,
AccelPedal1LowIdleSwitch;EEC2;-;0;2;Intel;Unsigned;3;1;0;0;3;-;VtSig_AccelPedal1LowIdleSwitch;Switch signal which indicates the state of the accelerator pedal 1 low idle switch.;3;0;0;0;NoSigSendType;;;;;;;;;;;;Default;;;;;;;;558;;;;;;;;;;;;No;No;;;;;;;;;;;;;;;;;;;;;;;;;;;;;;;;;;;0;Yes;Env@Nodename_@Signame;;;;;;;;;;;;;;;;;;;;;;;;;;;;;;;;;;;;;,
AccelPedalKickdownSwitch;EEC2;-;2;2;Intel;Unsigned;3;1;0;0;3;-;VtSig_AccelPedalKickdownSwitch;Switch signal which indicates whether the accelerator pedal kickdown switch is opened or closed.;3;0;0;0;NoSigSendType;;;;;;;;;;;;Default;;;;;;;;559;;;;;;;;;;;;No;No;;;;;;;;;;;;;;;;;;;;;;;;;;;;;;;;;;;0;Yes;Env@Nodename_@Signame;;;;;;;;;;;;;;;;;;;;;;;;;;;;;;;;;;;;;,
RoadSpeedLimitStatus;EEC2;-;4;2;Intel;Unsigned;3;1;0;0;3;-;VtSig_RoadSpeedLimitStatus;Status (active or not active) of the system used to limit maximum vehicle velocity.;3;0;0;0;NoSigSendType;;;;;;;;;;;;Default;;;;;;;;1437;;;;;;;;;;;;No;No;;;;;;;;;;;;;;;;;;;;;;;;;;;;;;;;;;;0;Yes;Env@Nodename_@Signame;;;;;;;;;;;;;;;;;;;;;;;;;;;;;;;;;;;;;,
AccelPedal2LowIdleSwitch;EEC2;-;6;2;Intel;Unsigned;3;1;0;0;3;-;VtSig_AccelPedal2LowIdleSwitch;Switch signal which indicates the state of the accelerator pedal 2 low idle switch.;3;0;0;0;NoSigSendType;;;;;;;;;;;;Default;;;;;;;;2970;;;;;;;;;;;;No;No;;;;;;;;;;;;;;;;;;;;;;;;;;;;;;;;;;;0;Yes;Env@Nodename_@Signame;;;;;;;;;;;;;;;;;;;;;;;;;;;;;;;;;;;;;,
AccelPedalPos1;EEC2;-;8;8;Intel;Unsigned;102;0.4;0;0;102;Percent;<none>;;255;0;0;0;NoSigSendType;;;;;;;;;;;;Default;;;;;;;;91;;;;;;;;;;;;No;No;;;;;;;;;;;;;;;;;;;;;;;;;;;;;;;;;;;0;Yes;Env@Nodename_@Signame;;;;;;;;;;;;;;;;;;;;;;;;;;;;;;;;;;;;;,
EnginePercentLoadAtCurrentSpd;EEC2;-;16;8;Intel;Unsigned;125;1;0;0;125;Percent;<none>;;125;0;0;0;NoSigSendType;;;;;;;;;;;;Default;;;;;;;;92;;;;;;;;;;;;No;No;;;;;;;;;;;;;;;;;;;;;;;;;;;;;;;;;;;0;Yes;Env@Nodename_@Signame;;;;;;;;;;;;;;;;;;;;;;;;;;;;;;;;;;;;;,
AccelPedalPos2;EEC2;-;32;8;Intel;Unsigned;102;0.4;0;0;102;Percent;<none>;;255;0;0;0;NoSigSendType;;;;;;;;;;;;Default;;;;;;;;29;;;;;;;;;;;;No;No;;;;;;;;;;;;;;;;;;;;;;;;;;;;;;;;;;;0;Yes;Env@Nodename_@Signame;;;;;;;;;;;;;;;;;;;;;;;;;;;;;;;;;;;;;,
ActMaxAvailEngPercentTorque;EEC2;-;48;8;Intel;Unsigned;102;0.4;0;0;102;Percent;<none>;No user in PXFS, VBC agrees for the removal of this signals. UNDER INVESTIGATION;255;0;0;0;NoSigSendType;;;;;;;;;;;;Default;;;;;;;;3357;;;;;;;;;;;;No;No;;;;;;;;;;;;;;;;;;;;;;;;;;;;;;;;;;;0;Yes;Env@Nodename_@Signame;;;;;;;;;;;;;;;;;;;;;;;;;;;;;;;;;;;;;
