Name;Message;Multiplexing/Group;Startbit;Length [Bit];Byte Order;Value Type;Initial Value;Factor;Offset;Minimum;Maximum;Unit;Value Table;Comment;GenSigStartValue;GenSigInactiveValue;GenSigCycleTimeActive;GenSigCycleTime;GenSigSendType;Vehicle function - Stop and Go;VBC_BB1_BB2_Gateway;Urea tank measurement & warning;Urea injection strategy;Urea dosing system heating;Turbo System;Torque and speed control;TEA2+ system start up;System mode selection ZF 6AS;Starter motor control;Start gear selection;SigType;SeToolVersion_SIGNAL;SeToolUniqueID_SIGNAL;SeToolOwnerSigGroup_SIGNAL;SeToolOwnerSigGroupID_SIGNAL;SeToolName_SIGNAL;SeToolItemID_SIGNAL;SeToolAncestorID_SIGNAL;SPN;Routine Control TECU;Routine Control HPCU;Routine Control EECU;Routine Control ACM;Roller Bench;Retarder Control - Vendor;Retarder;Preheater control;Oil system;OBD;Nox Measurements;NeedsUpdateBit;MmAnSignal;Manual gear selection;MAIA;Logging;LoggedVehicleData_TECU;LoggedVehicleData_HPCU;LoggedVehicleData_EECU;LoggedVehicleData_ACM;Intake throttle control;Immobilizer VIN check;Idle Speed Control;Hybrid vendor subsystem;Hybrid traction voltage system s;Hybrid traction voltage control;Hybrid thermal management;Hybrid take off and low speed dr;Hybrid on vehicle tests;Hybrid normal driving;Hybrid manufacturing mode;Hybrid general fault back modes;Hybrid gearshift;Hybrid gear selection;Hybrid fault handling;Hybrid fault detection;Hybrid electric abilities;Hybrid active state in neutral;Hybrid Stop and Go;Hybrid SRS;Hybrid PWT startup and shutdown;Hybrid PWT modes management;Hybrid PWT glossary;Hybrid MDS;Hybrid ESS SOC management;Hybrid ESS;Hybrid DCDC;GenSigMaxLatency;GenSigILSupport;GenSigEVName;Fan control;Factory modes;FIE Denso;FIE Common;FIE Auxillaries;Engine stop;Engine heat mode for DPF;Engine emission control;Engine Protection;Eco Roll;EGR;ECU start up;EATS Regeneration;EATS Emission Control;EATS;Driving modes;Driveline protection;Driveline Sensor Actuator;Driveline Control ZF 6AS;Driveline Control - Allison APS;Driveline Control;Diagnostic data TECU;Diagnostic data EECU;Diagnostic data ACM;Diagnostic Services;DPF Regeneration interface;Cruise Control;Cooling;Coolant control;CSWC;CACIS;BridgePlan;Body builder;Back pressure device;Automatic gear selection;Anti Tampering;AHI
ERC1ERRetarderTorqueMode;ERC1_ER;-;0;4;Intel;Unsigned;15;1;0;0;15;-;VtSig_ERC1ERRetarderTorqueMode;;15;0;0;0;NoSigSendType;;;;;;;;;;;;Default;;;;;;;;900;;;;;;;;;;;;No;No;;;;;;;;;;;;;;;;;;;;;;;;;;;;;;;;;;;0;Yes;Env@Nodename_@Signame;;;;;;;;;;;;;;;;;;;;;;;;;;;;;;;;;;;;;
ERC1ERRtdrEnablBrakeAssistSwitch;ERC1_ER;-;4;2;Intel;Unsigned;3;1;0;0;3;-;VtSig_ERC1ERRtdrEnablBrakeAssistSwitch;Switch signal which indicates whether the operator wishes the retarder to be enabled for vehicle braking assist.;3;0;0;0;NoSigSendType;;;;;;;;;;;;Default;;;;;;;;571;;;;;;;;;;;;No;No;;;;;;;;;;;;;;;;;;;;;;;;;;;;;;;;;;;0;Yes;Env@Nodename_@Signame;;;;;;;;;;;;;;;;;;;;;;;;;;;;;;;;;;;;;
ERC1ERRetarderEnableShiftAssistSw;ERC1_ER;-;6;2;Intel;Unsigned;3;1;0;0;3;-;VtSig_ERC1ERRetarderEnableShiftAssistSw;Switch signal which indicates whether the operator wishes the retarder to be enabled for transmission shift assist.;3;0;0;0;NoSigSendType;;;;;;;;;;;;Default;;;;;;;;572;;;;;;;;;;;;No;No;;;;;;;;;;;;;;;;;;;;;;;;;;;;;;;;;;;0;Yes;Env@Nodename_@Signame;;;;;;;;;;;;;;;;;;;;;;;;;;;;;;;;;;;;;
ERC1ERActualEngineRetPercentTrq;ERC1_ER;-;8;8;Intel;Unsigned;0;1;-125;-125;130;%;<none>;Actual braking torque of the retarder as a percent of retarder configuration reference torque SPN 556.;125;0;0;0;IfActive;;;;;;;;;;;;Default;;;;;;;;520;;;;;;;;;;;;No;No;;;;;;;;;;;;;;;;;;;;;;;;;;;;;;;;;;;0;Yes;Env@Nodename_@Signame;;;;;;;;;;;;;;;;;;;;;;;;;;;;;;;;;;;;;
ERC1ERIntendedRtdrPercentTorque;ERC1_ER;-;16;8;Intel;Unsigned;130;1;-125;-125;130;%;<none>;Braking torque of retarder that the retarder is currently trying to achieve.;255;0;0;0;NoSigSendType;;;;;;;;;;;;Default;;;;;;;;1085;;;;;;;;;;;;No;No;;;;;;;;;;;;;;;;;;;;;;;;;;;;;;;;;;;0;Yes;Env@Nodename_@Signame;;;;;;;;;;;;;;;;;;;;;;;;;;;;;;;;;;;;;
ERC1ERRetarderRqingBrakeLight;ERC1_ER;-;26;2;Intel;Unsigned;3;1;0;0;3;-;VtSig_ERC1ERRetarderRqingBrakeLight;;3;0;0;0;NoSigSendType;;;;;;;;;;;;Default;;;;;;;;1667;;;;;;;;;;;;No;No;;;;;;;;;;;;;;;;;;;;;;;;;;;;;;;;;;;0;Yes;Env@Nodename_@Signame;;;;;;;;;;;;;;;;;;;;;;;;;;;;;;;;;;;;;
ERC1ERSrcAddrOfCtrlDvcFrRtdrCtrl;ERC1_ER;-;32;8;Intel;Unsigned;255;1;0;0;255;-;<none>;The source address of the SAE J1939 device currently controlling the retarder.;255;0;0;0;NoSigSendType;;;;;;;;;;;;Default;;;;;;;;1480;;;;;;;;;;;;No;No;;;;;;;;;;;;;;;;;;;;;;;;;;;;;;;;;;;0;Yes;Env@Nodename_@Signame;;;;;;;;;;;;;;;;;;;;;;;;;;;;;;;;;;;;;
ERC1ERDrvrsDmandRtdrPerctTorque;ERC1_ER;-;40;8;Intel;Unsigned;130;1;-125;-125;130;%;<none>;;255;0;0;0;NoSigSendType;;;;;;;;;;;;Default;;;;;;;;1715;;;;;;;;;;;;No;No;;;;;;;;;;;;;;;;;;;;;;;;;;;;;;;;;;;0;Yes;Env@Nodename_@Signame;;;;;;;;;;;;;;;;;;;;;;;;;;;;;;;;;;;;;
ERC1ERRetarderSelectionNonEng;ERC1_ER;-;48;8;Intel;Unsigned;102;0.4;0;0;102;%;<none>;;255;0;0;0;NoSigSendType;;;;;;;;;;;;Default;;;;;;;;1716;;;;;;;;;;;;No;No;;;;;;;;;;;;;;;;;;;;;;;;;;;;;;;;;;;0;Yes;Env@Nodename_@Signame;;;;;;;;;;;;;;;;;;;;;;;;;;;;;;;;;;;;;
ERC1ERActlMxAvlbRtdrtPerctTorque;ERC1_ER;-;56;8;Intel;Unsigned;130;1;-125;-125;130;%;<none>;This is the maximum amount of torque that the retarder can immediately deliver.;255;0;0;0;NoSigSendType;;;;;;;;;;;;Default;;;;;;;;1717;;;;;;;;;;;;No;No;;;;;;;;;;;;;;;;;;;;;;;;;;;;;;;;;;;0;Yes;Env@Nodename_@Signame;;;;;;;;;;;;;;;;;;;;;;;;;;;;;;;;;;;;;
