Name;Message;Multiplexing/Group;Startbit;Length [Bit];Byte Order;Value Type;Initial Value;Factor;Offset;Minimum;Maximum;Unit;Value Table;Comment;GenSigStartValue;GenSigInactiveValue;GenSigCycleTimeActive;GenSigCycleTime;GenSigSendType;Vehicle function - Stop and Go;VBC_BB1_BB2_Gateway;Urea tank measurement & warning;Urea injection strategy;Urea dosing system heating;Turbo System;Torque and speed control;TEA2+ system start up;System mode selection ZF 6AS;Starter motor control;Start gear selection;SigType;SeToolVersion_SIGNAL;SeToolUniqueID_SIGNAL;SeToolOwnerSigGroup_SIGNAL;SeToolOwnerSigGroupID_SIGNAL;SeToolName_SIGNAL;SeToolItemID_SIGNAL;SeToolAncestorID_SIGNAL;SPN;Routine Control TECU;Routine Control HPCU;Routine Control EECU;Routine Control ACM;Roller Bench;Retarder Control - Vendor;Retarder;Preheater control;Oil system;OBD;Nox Measurements;NeedsUpdateBit;MmAnSignal;Manual gear selection;MAIA;Logging;LoggedVehicleData_TECU;LoggedVehicleData_HPCU;LoggedVehicleData_EECU;LoggedVehicleData_ACM;Intake throttle control;Immobilizer VIN check;Idle Speed Control;Hybrid vendor subsystem;Hybrid traction voltage system s;Hybrid traction voltage control;Hybrid thermal management;Hybrid take off and low speed dr;Hybrid on vehicle tests;Hybrid normal driving;Hybrid manufacturing mode;Hybrid general fault back modes;Hybrid gearshift;Hybrid gear selection;Hybrid fault handling;Hybrid fault detection;Hybrid electric abilities;Hybrid active state in neutral;Hybrid Stop and Go;Hybrid SRS;Hybrid PWT startup and shutdown;Hybrid PWT modes management;Hybrid PWT glossary;Hybrid MDS;Hybrid ESS SOC management;Hybrid ESS;Hybrid DCDC;GenSigMaxLatency;GenSigILSupport;GenSigEVName;Fan control;Factory modes;FIE Denso;FIE Common;FIE Auxillaries;Engine stop;Engine heat mode for DPF;Engine emission control;Engine Protection;Eco Roll;EGR;ECU start up;EATS Regeneration;EATS Emission Control;EATS;Driving modes;Driveline protection;Driveline Sensor Actuator;Driveline Control ZF 6AS;Driveline Control - Allison APS;Driveline Control;Diagnostic data TECU;Diagnostic data EECU;Diagnostic data ACM;Diagnostic Services;DPF Regeneration interface;Cruise Control;Cooling;Coolant control;CSWC;CACIS;BridgePlan;Body builder;Back pressure device;Automatic gear selection;Anti Tampering;AHI
EngDslPrtclateFilterIntakePress;IC1;-;0;8;Intel;Unsigned;127.5;0.5;0;0;127.5;kPa;<none>;Exhaust back pressure as a result of particle accumulation on filter media placed in the exhaust stream.;255;0;0;0;NoSigSendType;;;;;;;;;;;;Default;;;;;;;;81;;;;;;;;;;;;No;No;;;;;;;;;;;;;;;;;;;;;;;;;;;;;;;;;;;0;Yes;Env@Nodename_@Signame;;;;;;;;;;;;;;;;;;;;;;;;;;;;;;;;;;;;;
EngIntakeManifold1Press;IC1;-;8;8;Intel;Unsigned;510;2;0;0;510;kPa;<none>;The gage pressure measurement of the air intake manifold.;255;0;0;0;NoSigSendType;;;;;;;;;;;;Default;;;;;;;;102;;;;;;;;;;;;No;No;;;;;;;;;;;;;;;;;;;;;;;;;;;;;;;;;;;0;Yes;Env@Nodename_@Signame;;;;;;;;;;;;;;;;;;;;;;;;;;;;;;;;;;;;;
EngIntakeManifold1Temp;IC1;-;16;8;Intel;Unsigned;215;1;-40;-40;215;�C;<none>;Temperature of pre-combustion air found in intake manifold of engine air supply system.;255;0;0;0;NoSigSendType;;;;;;;;;;;;Default;;;;;;;;105;;;;;;;;;;;;No;No;;;;;;;;;;;;;;;;;;;;;;;;;;;;;;;;;;;0;Yes;Env@Nodename_@Signame;;;;;;;;;;;;;;;;;;;;;;;;;;;;;;;;;;;;;
EngAirIntakePress;IC1;-;24;8;Intel;Unsigned;510;2;0;0;510;kPa;<none>;Absolute air pressure at input port to intake manifold or air box.;255;0;0;0;NoSigSendType;;;;;;;;;;;;Default;;;;;;;;106;;;;;;;;;;;;No;No;;;;;;;;;;;;;;;;;;;;;;;;;;;;;;;;;;;0;Yes;Env@Nodename_@Signame;;;;;;;;;;;;;;;;;;;;;;;;;;;;;;;;;;;;;
